epoch,time,train/giou_loss,train/cls_loss,train/l1_loss,metrics/precision(B),metrics/recall(B),metrics/mAP50(B),metrics/mAP50-95(B),val/giou_loss,val/cls_loss,val/l1_loss,lr/pg0,lr/pg1,lr/pg2
1,116.304,0.84219,1.58919,0.75331,0.00028,0.08557,0.00054,0.00015,0.82741,1.51134,1.16656,3.31349e-05,3.31349e-05,0.0668982
2,226.425,0.52578,1.63308,0.44106,0.0139,0.27593,0.00875,0.0055,0.45282,2.10981,0.54057,6.58102e-05,6.58102e-05,0.0335976
3,336.981,0.43099,1.75331,0.37413,0.00588,0.40147,0.01175,0.00752,0.35589,2.17958,0.41044,9.78255e-05,9.78255e-05,0.000296238
4,447.237,0.4046,1.74842,0.34573,0.01002,0.55643,0.02052,0.01278,0.33641,2.1045,0.3807,9.703e-05,9.703e-05,9.703e-05
5,557.584,0.38266,1.70208,0.32342,0.15284,0.4336,0.03713,0.02181,0.31351,2.02739,0.34812,9.604e-05,9.604e-05,9.604e-05
6,667.795,0.35662,1.65703,0.29824,0.16713,0.29975,0.04569,0.02924,0.3011,1.85862,0.33303,9.505e-05,9.505e-05,9.505e-05
7,778.561,0.3432,1.60562,0.28983,0.1877,0.29122,0.05682,0.03802,0.28858,1.79473,0.3158,9.406e-05,9.406e-05,9.406e-05
8,889.036,0.32349,1.56194,0.27438,0.05434,0.35391,0.05905,0.04036,0.28424,1.71286,0.31347,9.307e-05,9.307e-05,9.307e-05
9,999.542,0.32092,1.50982,0.26532,0.05642,0.45583,0.0673,0.04539,0.26465,1.68649,0.28631,9.208e-05,9.208e-05,9.208e-05
10,1109.95,0.31816,1.47845,0.2629,0.0629,0.43187,0.0774,0.05147,0.28064,1.69647,0.29385,9.109e-05,9.109e-05,9.109e-05
11,1220.21,0.30193,1.45809,0.24796,0.07771,0.38558,0.08127,0.05849,0.26491,1.57029,0.28407,9.01e-05,9.01e-05,9.01e-05
12,1330.86,0.29055,1.42372,0.23875,0.08491,0.41148,0.09101,0.0655,0.24561,1.61813,0.25964,8.911e-05,8.911e-05,8.911e-05
13,1441.2,0.28997,1.39611,0.23017,0.08937,0.44037,0.10377,0.07514,0.25484,1.49863,0.27133,8.812e-05,8.812e-05,8.812e-05
14,1551.92,0.28008,1.35508,0.22094,0.14771,0.44674,0.12147,0.08874,0.23841,1.46486,0.25074,8.713e-05,8.713e-05,8.713e-05
15,1662.42,0.28227,1.31372,0.22381,0.2151,0.45276,0.22678,0.16688,0.26057,1.37837,0.27358,8.614e-05,8.614e-05,8.614e-05
16,1773.04,0.31797,1.042,0.27292,0.50857,0.57025,0.50279,0.37121,0.30533,1.05745,0.36283,8.515e-05,8.515e-05,8.515e-05
17,1883.8,0.33769,0.88476,0.30683,0.59539,0.6558,0.61987,0.452,0.29805,0.95529,0.35816,8.416e-05,8.416e-05,8.416e-05
18,1994.3,0.33857,0.83354,0.30583,0.65809,0.66258,0.66613,0.48458,0.31441,0.83256,0.39054,8.317e-05,8.317e-05,8.317e-05
19,2105.13,0.33176,0.79111,0.30008,0.75351,0.60965,0.65964,0.48428,0.30023,0.88675,0.3609,8.218e-05,8.218e-05,8.218e-05
20,2215.48,0.32648,0.80418,0.29764,0.68863,0.68717,0.6743,0.50126,0.29866,0.84785,0.36588,8.119e-05,8.119e-05,8.119e-05
21,2326.3,0.32775,0.77279,0.30184,0.72547,0.70428,0.71796,0.52607,0.2987,0.78259,0.37639,8.02e-05,8.02e-05,8.02e-05
22,2437.05,0.32724,0.73855,0.30077,0.74616,0.72519,0.74006,0.54393,0.2976,0.7794,0.36081,7.921e-05,7.921e-05,7.921e-05
23,2547.94,0.32542,0.73796,0.30006,0.72649,0.71594,0.74596,0.54682,0.29206,0.77945,0.36346,7.822e-05,7.822e-05,7.822e-05
24,2658.62,0.31859,0.72934,0.29254,0.76158,0.72251,0.77286,0.57219,0.30227,0.78366,0.3709,7.723e-05,7.723e-05,7.723e-05
25,2769.14,0.32251,0.7043,0.29631,0.74915,0.75381,0.76976,0.57646,0.3072,0.75938,0.38243,7.624e-05,7.624e-05,7.624e-05
26,2879.81,0.31152,0.69291,0.28717,0.78615,0.74408,0.77623,0.57785,0.29101,0.71314,0.3667,7.525e-05,7.525e-05,7.525e-05
27,2990.52,0.31364,0.66809,0.28623,0.81122,0.76161,0.80034,0.59155,0.30305,0.67556,0.38178,7.426e-05,7.426e-05,7.426e-05
28,3101.23,0.31512,0.67531,0.28741,0.79112,0.75045,0.80047,0.59988,0.30696,0.66818,0.38986,7.327e-05,7.327e-05,7.327e-05
29,3211.83,0.31185,0.66172,0.28258,0.75237,0.79063,0.80136,0.60162,0.30274,0.64847,0.38574,7.228e-05,7.228e-05,7.228e-05
30,3322.66,0.30479,0.65969,0.28036,0.77504,0.75633,0.80039,0.60125,0.30624,0.67414,0.37998,7.129e-05,7.129e-05,7.129e-05
31,3433.02,0.30175,0.6515,0.27888,0.82812,0.74605,0.80496,0.60181,0.30206,0.66768,0.38589,7.03e-05,7.03e-05,7.03e-05
32,3544.07,0.29697,0.64832,0.27683,0.80682,0.7697,0.81504,0.60669,0.29986,0.66665,0.3773,6.931e-05,6.931e-05,6.931e-05
33,3655,0.30181,0.62636,0.27461,0.811,0.79495,0.82797,0.61623,0.30138,0.66127,0.39005,6.832e-05,6.832e-05,6.832e-05
34,3766.17,0.30214,0.63373,0.27629,0.81262,0.78917,0.83601,0.62341,0.30071,0.60643,0.384,6.733e-05,6.733e-05,6.733e-05
35,3877.16,0.29745,0.62129,0.27004,0.82841,0.7741,0.82627,0.62603,0.30372,0.62899,0.39418,6.634e-05,6.634e-05,6.634e-05
36,3988.19,0.29338,0.62366,0.27191,0.83098,0.78957,0.83393,0.62635,0.30158,0.62315,0.38809,6.535e-05,6.535e-05,6.535e-05
37,4099.05,0.29101,0.61393,0.26356,0.83876,0.78528,0.84058,0.62789,0.29477,0.63403,0.38364,6.436e-05,6.436e-05,6.436e-05
38,4209.86,0.29374,0.59873,0.26025,0.81081,0.79,0.83662,0.62538,0.29069,0.63878,0.382,6.337e-05,6.337e-05,6.337e-05
39,4320.41,0.29365,0.60056,0.2693,0.85094,0.77765,0.84117,0.63278,0.29099,0.61829,0.37085,6.238e-05,6.238e-05,6.238e-05
40,4431.3,0.28233,0.60027,0.26203,0.82598,0.79159,0.84449,0.63286,0.29856,0.60396,0.39358,6.139e-05,6.139e-05,6.139e-05
41,4541.98,0.29018,0.60067,0.26462,0.82825,0.79089,0.84449,0.63852,0.29028,0.6129,0.36979,6.04e-05,6.04e-05,6.04e-05
42,4652.72,0.28701,0.58196,0.25615,0.82047,0.80405,0.84812,0.64045,0.29096,0.59532,0.38064,5.941e-05,5.941e-05,5.941e-05
43,4763.5,0.27975,0.57158,0.25671,0.83303,0.79076,0.84689,0.63508,0.29133,0.61344,0.37098,5.842e-05,5.842e-05,5.842e-05
44,4873.92,0.28149,0.58492,0.2524,0.87575,0.77796,0.85382,0.64206,0.29217,0.58748,0.37446,5.743e-05,5.743e-05,5.743e-05
45,4984.38,0.28503,0.55427,0.26012,0.83886,0.80575,0.84741,0.64496,0.29964,0.55845,0.38997,5.644e-05,5.644e-05,5.644e-05
46,5095.37,0.27663,0.56608,0.25292,0.85221,0.80756,0.85598,0.64683,0.28375,0.58059,0.3639,5.545e-05,5.545e-05,5.545e-05
47,5206.29,0.28134,0.56352,0.25617,0.86414,0.78752,0.85153,0.64136,0.29192,0.57377,0.38104,5.446e-05,5.446e-05,5.446e-05
48,5316.9,0.27759,0.55712,0.25636,0.84432,0.82001,0.8597,0.65193,0.28858,0.55204,0.37743,5.347e-05,5.347e-05,5.347e-05
49,5428.18,0.27514,0.5481,0.25126,0.83758,0.81402,0.86205,0.65449,0.30107,0.54063,0.39177,5.248e-05,5.248e-05,5.248e-05
50,5539.13,0.27448,0.55363,0.25209,0.84119,0.82269,0.85938,0.65253,0.29845,0.55251,0.39243,5.149e-05,5.149e-05,5.149e-05
51,5649.98,0.27259,0.54009,0.24457,0.85293,0.80911,0.86015,0.64443,0.30354,0.53858,0.39571,5.05e-05,5.05e-05,5.05e-05
52,5760.52,0.27217,0.53578,0.24937,0.84637,0.81888,0.86999,0.65864,0.29631,0.5369,0.38731,4.951e-05,4.951e-05,4.951e-05
53,5871.91,0.27241,0.54129,0.24585,0.85357,0.83307,0.86494,0.64738,0.30335,0.54355,0.40808,4.852e-05,4.852e-05,4.852e-05
54,5982.51,0.27262,0.53822,0.24717,0.86458,0.83287,0.87539,0.65953,0.29821,0.52971,0.39514,4.753e-05,4.753e-05,4.753e-05
55,6093.52,0.27305,0.52253,0.24507,0.85846,0.82561,0.87007,0.65247,0.2996,0.54201,0.39819,4.654e-05,4.654e-05,4.654e-05
56,6204.32,0.26563,0.51585,0.24298,0.83834,0.83968,0.86958,0.65327,0.3047,0.53098,0.41021,4.555e-05,4.555e-05,4.555e-05
57,6314.99,0.26879,0.51936,0.24486,0.85881,0.82788,0.87046,0.66237,0.29677,0.52595,0.39413,4.456e-05,4.456e-05,4.456e-05
58,6426.08,0.25976,0.51063,0.23484,0.84482,0.83088,0.87153,0.66488,0.29239,0.52936,0.37968,4.357e-05,4.357e-05,4.357e-05
59,6537.11,0.26337,0.51949,0.24289,0.86617,0.83152,0.87798,0.6623,0.29561,0.52478,0.39118,4.258e-05,4.258e-05,4.258e-05
60,6647.66,0.26083,0.50605,0.23316,0.85281,0.85318,0.87522,0.66161,0.30139,0.5263,0.40186,4.159e-05,4.159e-05,4.159e-05
61,6758.47,0.26219,0.50513,0.23761,0.87708,0.83124,0.87239,0.6597,0.29283,0.52444,0.38358,4.06e-05,4.06e-05,4.06e-05
62,6869.08,0.25897,0.5,0.23352,0.8496,0.8523,0.8754,0.66198,0.29962,0.51512,0.39513,3.961e-05,3.961e-05,3.961e-05
63,6979.63,0.26029,0.49407,0.23561,0.86946,0.83567,0.88339,0.67297,0.29166,0.50875,0.38395,3.862e-05,3.862e-05,3.862e-05
64,7090.9,0.26417,0.51665,0.24521,0.87275,0.8412,0.87403,0.66215,0.29998,0.50866,0.39715,3.763e-05,3.763e-05,3.763e-05
65,7201.77,0.26172,0.503,0.2316,0.86449,0.84828,0.87957,0.66476,0.29289,0.51789,0.38854,3.664e-05,3.664e-05,3.664e-05
66,7312.58,0.25993,0.50182,0.23015,0.86249,0.84409,0.87566,0.66137,0.29915,0.51334,0.39859,3.565e-05,3.565e-05,3.565e-05
67,7423.36,0.258,0.50464,0.23838,0.87652,0.83579,0.87832,0.66572,0.29347,0.51855,0.3867,3.466e-05,3.466e-05,3.466e-05
68,7534.67,0.26061,0.48623,0.23013,0.88298,0.84012,0.87995,0.66606,0.29972,0.4959,0.39826,3.367e-05,3.367e-05,3.367e-05
69,7645.9,0.25927,0.48876,0.23151,0.86372,0.84603,0.88032,0.6645,0.30031,0.5052,0.3996,3.268e-05,3.268e-05,3.268e-05
70,7757.23,0.25802,0.50154,0.23444,0.87262,0.85229,0.88306,0.6689,0.30204,0.50177,0.40353,3.169e-05,3.169e-05,3.169e-05
71,7867.99,0.256,0.48795,0.23344,0.85985,0.84903,0.8768,0.66814,0.29883,0.49306,0.39078,3.07e-05,3.07e-05,3.07e-05
72,7978.84,0.25318,0.49039,0.22684,0.87188,0.84668,0.88373,0.67463,0.29447,0.49662,0.3855,2.971e-05,2.971e-05,2.971e-05
73,8090.21,0.25184,0.47971,0.22832,0.87514,0.84408,0.88345,0.67453,0.30071,0.4923,0.39746,2.872e-05,2.872e-05,2.872e-05
74,8201.23,0.25093,0.47717,0.22812,0.86572,0.85766,0.88242,0.67238,0.30137,0.49029,0.40237,2.773e-05,2.773e-05,2.773e-05
75,8312.05,0.24851,0.4746,0.22152,0.8903,0.85043,0.88422,0.66814,0.30721,0.47809,0.41053,2.674e-05,2.674e-05,2.674e-05
76,8422.65,0.25215,0.46565,0.22431,0.87984,0.85264,0.8873,0.67981,0.29962,0.48164,0.39432,2.575e-05,2.575e-05,2.575e-05
77,8533.56,0.25474,0.47646,0.22573,0.88882,0.84691,0.88605,0.67846,0.2944,0.48174,0.38767,2.476e-05,2.476e-05,2.476e-05
78,8644.33,0.2516,0.47719,0.2261,0.87358,0.84942,0.88484,0.67157,0.30047,0.48648,0.39587,2.377e-05,2.377e-05,2.377e-05
79,8755.16,0.25855,0.46984,0.23126,0.88399,0.85533,0.89042,0.67756,0.29941,0.48163,0.39698,2.278e-05,2.278e-05,2.278e-05
80,8865.81,0.24732,0.4675,0.2188,0.88887,0.85642,0.89371,0.68215,0.29557,0.48271,0.39244,2.179e-05,2.179e-05,2.179e-05
81,8976.74,0.24935,0.47496,0.22558,0.86543,0.87174,0.88782,0.67508,0.30017,0.47772,0.39914,2.08e-05,2.08e-05,2.08e-05
82,9087.45,0.24986,0.47358,0.22409,0.87981,0.86017,0.89019,0.67881,0.29652,0.47847,0.39153,1.981e-05,1.981e-05,1.981e-05
83,9198.04,0.2471,0.47371,0.22254,0.89226,0.84859,0.89253,0.6821,0.2982,0.48077,0.39076,1.882e-05,1.882e-05,1.882e-05
84,9308.82,0.2467,0.46795,0.22242,0.87443,0.86044,0.88903,0.678,0.30565,0.47947,0.4066,1.783e-05,1.783e-05,1.783e-05
85,9419.2,0.24684,0.46157,0.22788,0.85742,0.8632,0.88641,0.6761,0.30325,0.49346,0.40551,1.684e-05,1.684e-05,1.684e-05
86,9529.85,0.24534,0.46522,0.21998,0.8772,0.86057,0.89203,0.67848,0.3036,0.46764,0.4042,1.585e-05,1.585e-05,1.585e-05
87,9640.5,0.24134,0.46052,0.22007,0.87769,0.86342,0.8882,0.67677,0.3052,0.46588,0.40408,1.486e-05,1.486e-05,1.486e-05
88,9751.21,0.25011,0.45694,0.22236,0.88331,0.86132,0.89452,0.67868,0.30025,0.47786,0.3989,1.387e-05,1.387e-05,1.387e-05
89,9861.56,0.24053,0.4533,0.21633,0.8781,0.86557,0.88643,0.67494,0.29938,0.47677,0.40189,1.288e-05,1.288e-05,1.288e-05
90,9972.29,0.24223,0.46692,0.2189,0.87653,0.86014,0.89049,0.67442,0.30211,0.48221,0.40305,1.189e-05,1.189e-05,1.189e-05
91,10083.3,0.2031,0.4109,0.2327,0.88776,0.85767,0.89338,0.68003,0.30047,0.46759,0.39976,1.09e-05,1.09e-05,1.09e-05
92,10194.5,0.20311,0.38605,0.22373,0.88807,0.87259,0.89695,0.6845,0.29506,0.46194,0.39343,9.91e-06,9.91e-06,9.91e-06
93,10305.6,0.20268,0.38196,0.22939,0.87316,0.88147,0.89618,0.68846,0.29484,0.46414,0.39111,8.92e-06,8.92e-06,8.92e-06
94,10416.8,0.19966,0.37939,0.21524,0.88316,0.87315,0.89558,0.69254,0.28902,0.46659,0.3823,7.93e-06,7.93e-06,7.93e-06
95,10527.9,0.20009,0.37077,0.22339,0.88561,0.87382,0.90045,0.69665,0.29161,0.45813,0.38913,6.94e-06,6.94e-06,6.94e-06
96,10638.8,0.19281,0.3704,0.21438,0.88404,0.87067,0.89726,0.6917,0.29528,0.46342,0.39269,5.95e-06,5.95e-06,5.95e-06
97,10749.6,0.19706,0.3566,0.20823,0.88809,0.87043,0.89779,0.69263,0.29544,0.46357,0.39141,4.96e-06,4.96e-06,4.96e-06
98,10860.5,0.19322,0.35685,0.20965,0.88223,0.87433,0.90096,0.69748,0.29192,0.45648,0.38462,3.97e-06,3.97e-06,3.97e-06
99,10971.3,0.19244,0.36301,0.21188,0.88544,0.86553,0.89979,0.69655,0.2942,0.45613,0.38824,2.98e-06,2.98e-06,2.98e-06
100,11082,0.19208,0.36764,0.20894,0.88675,0.86395,0.8997,0.69826,0.29114,0.4593,0.38097,1.99e-06,1.99e-06,1.99e-06
