epoch,time,train/box_loss,train/cls_loss,train/dfl_loss,metrics/precision(B),metrics/recall(B),metrics/mAP50(B),metrics/mAP50-95(B),val/box_loss,val/cls_loss,val/dfl_loss,lr/pg0,lr/pg1,lr/pg2
1,62.0771,1.6528,2.9759,1.87212,0.00149,0.08243,0.00032,6e-05,3.6447,124.478,8.77774,0.00329365,0.00329365,0.0703571
2,93.9601,1.751,2.70771,1.97245,0.02645,0.18439,0.02092,0.00804,2.47352,28.9478,3.53216,0.00656138,0.00656138,0.0402915
3,126.541,1.73673,2.65303,1.95046,0.71818,0.02847,0.04787,0.02655,2.42685,52.6987,3.13178,0.0097631,0.0097631,0.0101599
4,159.052,1.69346,2.57916,1.9038,0.03982,0.09417,0.00775,0.00238,3.03431,19.0088,3.72356,0.009703,0.009703,0.009703
5,189.577,1.65947,2.49216,1.88585,0.18788,0.16495,0.04457,0.02106,2.30121,5.30866,2.86107,0.009604,0.009604,0.009604
6,219.876,1.56752,2.4087,1.82458,0.47983,0.22854,0.20283,0.09492,1.98225,3.46358,2.44354,0.009505,0.009505,0.009505
7,251.269,1.55619,2.32526,1.80644,0.26572,0.30933,0.24139,0.10995,1.87189,3.20664,2.28104,0.009406,0.009406,0.009406
8,282.031,1.54735,2.30424,1.80529,0.26964,0.36668,0.22776,0.1065,2.05107,3.64786,2.3437,0.009307,0.009307,0.009307
9,312.723,1.52995,2.24699,1.77533,0.29033,0.37112,0.26709,0.12598,1.87043,2.83678,2.19476,0.009208,0.009208,0.009208
10,351.421,1.48383,2.20309,1.75581,0.58669,0.25049,0.28603,0.13221,1.83466,2.96618,2.12218,0.009109,0.009109,0.009109
11,389.018,1.48112,2.18533,1.74828,0.40869,0.40091,0.37025,0.18563,1.7026,2.62404,2.01177,0.00901,0.00901,0.00901
12,420.101,1.43584,2.09001,1.71717,0.43838,0.43951,0.43601,0.24188,1.58937,2.23123,1.93378,0.008911,0.008911,0.008911
13,451.335,1.44426,2.11291,1.72532,0.33292,0.31006,0.25433,0.12413,1.84507,2.77799,2.18254,0.008812,0.008812,0.008812
14,483.145,1.40065,2.00111,1.67968,0.51993,0.40473,0.40745,0.21805,1.64736,2.63248,1.97046,0.008713,0.008713,0.008713
15,513.73,1.40193,2.00008,1.68643,0.47515,0.2654,0.28369,0.14081,2.14071,3.40633,2.47258,0.008614,0.008614,0.008614
16,544.466,1.37562,1.9743,1.66149,0.53719,0.49535,0.53075,0.30082,1.48957,1.93799,1.82811,0.008515,0.008515,0.008515
17,576.792,1.34065,1.93458,1.65047,0.57084,0.50334,0.54798,0.31807,1.50272,1.87915,1.81311,0.008416,0.008416,0.008416
18,608.913,1.35734,1.88878,1.63213,0.64814,0.45675,0.51115,0.29001,1.56465,2.25625,1.90633,0.008317,0.008317,0.008317
19,643.576,1.33071,1.83734,1.62444,0.60269,0.46472,0.51409,0.29714,1.5224,2.06848,1.8485,0.008218,0.008218,0.008218
20,677.512,1.33619,1.89484,1.63415,0.62875,0.52765,0.59087,0.35311,1.44277,1.83744,1.75759,0.008119,0.008119,0.008119
21,709.418,1.30935,1.83676,1.6135,0.6103,0.50745,0.56167,0.32917,1.50967,1.8499,1.80076,0.00802,0.00802,0.00802
22,741.154,1.30426,1.79101,1.59618,0.61555,0.45367,0.51725,0.30113,1.54686,1.99869,1.83343,0.007921,0.007921,0.007921
23,771.193,1.29188,1.76502,1.59955,0.59792,0.51496,0.56055,0.32639,1.46162,1.87924,1.78545,0.007822,0.007822,0.007822
24,805.772,1.27308,1.74252,1.58097,0.58445,0.55473,0.59427,0.34275,1.48755,1.77246,1.792,0.007723,0.007723,0.007723
25,839.556,1.28683,1.72021,1.58911,0.593,0.53243,0.56667,0.33417,1.42781,1.88633,1.74814,0.007624,0.007624,0.007624
26,871.363,1.26852,1.70824,1.58576,0.69728,0.47202,0.57151,0.32722,1.4982,1.86226,1.81502,0.007525,0.007525,0.007525
27,904.176,1.2619,1.67869,1.57305,0.62554,0.49059,0.55171,0.3299,1.41981,1.86563,1.73966,0.007426,0.007426,0.007426
28,935.182,1.25204,1.6879,1.56967,0.61662,0.58589,0.62233,0.37865,1.37689,1.73391,1.69968,0.007327,0.007327,0.007327
29,966.998,1.25232,1.65802,1.56116,0.67671,0.55403,0.60544,0.37235,1.35522,1.69061,1.68075,0.007228,0.007228,0.007228
30,998.229,1.21747,1.62068,1.53855,0.64705,0.59323,0.64782,0.40463,1.36167,1.59907,1.6876,0.007129,0.007129,0.007129
31,1030.24,1.2236,1.60565,1.54136,0.6431,0.54364,0.61766,0.37016,1.41068,1.73014,1.70331,0.00703,0.00703,0.00703
32,1061.52,1.21465,1.61997,1.54195,0.70688,0.60433,0.68345,0.43001,1.28544,1.49468,1.61761,0.006931,0.006931,0.006931
33,1092.98,1.20392,1.59076,1.53446,0.69988,0.5837,0.66376,0.41624,1.3434,1.5742,1.67612,0.006832,0.006832,0.006832
34,1124.26,1.19932,1.58459,1.52572,0.6683,0.5986,0.65466,0.41728,1.3232,1.56054,1.64318,0.006733,0.006733,0.006733
35,1155.32,1.18306,1.54857,1.5088,0.71626,0.58433,0.66607,0.41165,1.34881,1.58713,1.68076,0.006634,0.006634,0.006634
36,1186.32,1.17616,1.52889,1.50837,0.71984,0.60368,0.67604,0.42694,1.31096,1.54433,1.64206,0.006535,0.006535,0.006535
37,1216.96,1.20286,1.53888,1.51423,0.67724,0.61634,0.68157,0.43044,1.29468,1.49086,1.62161,0.006436,0.006436,0.006436
38,1248.51,1.16993,1.50073,1.49424,0.69895,0.53943,0.64461,0.40731,1.32887,1.54391,1.66153,0.006337,0.006337,0.006337
39,1279.45,1.18061,1.49469,1.50617,0.69926,0.60659,0.68066,0.44435,1.2612,1.41781,1.58546,0.006238,0.006238,0.006238
40,1309.96,1.16691,1.50427,1.50124,0.70895,0.57955,0.66427,0.42378,1.29547,1.52154,1.61869,0.006139,0.006139,0.006139
41,1340.3,1.16381,1.46252,1.48695,0.69929,0.63282,0.69271,0.44777,1.27769,1.40612,1.58971,0.00604,0.00604,0.00604
42,1371.13,1.17264,1.46249,1.49593,0.69741,0.62023,0.67193,0.42047,1.33566,1.60115,1.64871,0.005941,0.005941,0.005941
43,1401.54,1.14497,1.45154,1.47911,0.70581,0.59746,0.67338,0.43797,1.27029,1.47983,1.59029,0.005842,0.005842,0.005842
44,1432.71,1.14963,1.45689,1.48115,0.68242,0.57958,0.64183,0.39128,1.35101,1.5969,1.65789,0.005743,0.005743,0.005743
45,1463.01,1.12194,1.42096,1.4576,0.74278,0.6637,0.73356,0.48048,1.22642,1.32488,1.55889,0.005644,0.005644,0.005644
46,1494.28,1.13077,1.41438,1.46052,0.73608,0.61014,0.69894,0.45346,1.28097,1.40114,1.60931,0.005545,0.005545,0.005545
47,1525.79,1.12299,1.3797,1.45156,0.72478,0.63802,0.71864,0.47685,1.19397,1.3113,1.52407,0.005446,0.005446,0.005446
48,1558.42,1.10322,1.36214,1.44515,0.72237,0.63853,0.71203,0.47574,1.1929,1.39569,1.52157,0.005347,0.005347,0.005347
49,1590.49,1.12556,1.37951,1.46132,0.73582,0.69544,0.76152,0.50682,1.1858,1.23511,1.51058,0.005248,0.005248,0.005248
50,1622.47,1.10694,1.34831,1.44627,0.74835,0.66006,0.74149,0.50028,1.18122,1.24753,1.50244,0.005149,0.005149,0.005149
51,1653.56,1.09087,1.33374,1.42671,0.79378,0.67316,0.75398,0.5082,1.17474,1.26392,1.49709,0.00505,0.00505,0.00505
52,1685.04,1.09891,1.35451,1.44309,0.76406,0.68216,0.74742,0.48452,1.2273,1.28242,1.5442,0.004951,0.004951,0.004951
53,1715.41,1.11551,1.34198,1.44628,0.78588,0.66339,0.75968,0.51634,1.1835,1.20546,1.51506,0.004852,0.004852,0.004852
54,1747.02,1.09453,1.31414,1.4314,0.73556,0.70661,0.76725,0.51828,1.15232,1.19012,1.48636,0.004753,0.004753,0.004753
55,1778.19,1.0916,1.31217,1.42728,0.7512,0.69334,0.75284,0.51241,1.14824,1.2183,1.48685,0.004654,0.004654,0.004654
56,1810.24,1.0761,1.29345,1.42208,0.77112,0.69739,0.76562,0.52147,1.17091,1.17963,1.48732,0.004555,0.004555,0.004555
57,1841.48,1.05395,1.26297,1.40379,0.76519,0.69509,0.76169,0.52045,1.15796,1.16843,1.47589,0.004456,0.004456,0.004456
58,1872.51,1.07251,1.27092,1.41585,0.76316,0.70798,0.7648,0.52689,1.13364,1.16142,1.46705,0.004357,0.004357,0.004357
59,1903.87,1.0623,1.26454,1.4122,0.77711,0.7069,0.78174,0.53489,1.1408,1.1415,1.45602,0.004258,0.004258,0.004258
60,1935.14,1.04368,1.2435,1.39499,0.77993,0.73581,0.78718,0.54514,1.11659,1.11916,1.44509,0.004159,0.004159,0.004159
61,1966.83,1.06312,1.24953,1.41305,0.7729,0.71737,0.77499,0.5435,1.09733,1.12148,1.42328,0.00406,0.00406,0.00406
62,1998.02,1.04405,1.21662,1.39175,0.78245,0.72058,0.78322,0.53826,1.12776,1.11387,1.45893,0.003961,0.003961,0.003961
63,2028.97,1.01783,1.19181,1.37676,0.80216,0.69268,0.77519,0.5373,1.11069,1.15321,1.4396,0.003862,0.003862,0.003862
64,2059.52,1.04248,1.18748,1.39165,0.80842,0.72233,0.7879,0.53795,1.11721,1.04513,1.44823,0.003763,0.003763,0.003763
65,2091.45,1.03655,1.173,1.37842,0.79109,0.73767,0.79924,0.55382,1.09503,1.06917,1.43249,0.003664,0.003664,0.003664
66,2124.39,1.01565,1.16513,1.36741,0.84132,0.69773,0.79648,0.55581,1.0912,1.05841,1.41498,0.003565,0.003565,0.003565
67,2156.4,1.00221,1.17185,1.3686,0.82048,0.70205,0.80018,0.56151,1.07817,1.05613,1.41019,0.003466,0.003466,0.003466
68,2187.8,1.01774,1.15378,1.36621,0.7908,0.74257,0.80103,0.55563,1.09767,1.07521,1.4217,0.003367,0.003367,0.003367
69,2218.39,1.0129,1.16079,1.37394,0.8032,0.74835,0.80167,0.56041,1.08809,1.04578,1.43,0.003268,0.003268,0.003268
70,2248.98,0.99907,1.1413,1.36245,0.81385,0.71031,0.78894,0.55182,1.08434,1.08169,1.40998,0.003169,0.003169,0.003169
71,2279.93,1.01321,1.16612,1.37656,0.82432,0.71308,0.79378,0.55578,1.10001,1.05379,1.42951,0.00307,0.00307,0.00307
72,2310.7,1.00085,1.15453,1.36595,0.84538,0.73438,0.81248,0.58181,1.05112,0.99761,1.38208,0.002971,0.002971,0.002971
73,2342.15,0.97705,1.11777,1.34977,0.83359,0.738,0.80963,0.57993,1.0583,1.00819,1.39282,0.002872,0.002872,0.002872
74,2373.13,0.99134,1.11673,1.35888,0.82669,0.74122,0.8085,0.56703,1.06623,1.03126,1.40196,0.002773,0.002773,0.002773
75,2403.98,0.99377,1.11702,1.35674,0.80995,0.73764,0.80783,0.56789,1.0683,1.0119,1.40608,0.002674,0.002674,0.002674
76,2434.77,0.98429,1.10482,1.34279,0.79234,0.74366,0.80223,0.56797,1.06333,1.02444,1.39651,0.002575,0.002575,0.002575
77,2466.14,0.971,1.09516,1.33518,0.83013,0.73352,0.81542,0.57647,1.04973,1.00057,1.38951,0.002476,0.002476,0.002476
78,2497.09,0.97808,1.08684,1.34737,0.77275,0.76321,0.80953,0.57606,1.05453,0.99926,1.38713,0.002377,0.002377,0.002377
79,2528.58,0.98141,1.09155,1.34485,0.84347,0.75485,0.8227,0.59201,1.03409,0.96955,1.37397,0.002278,0.002278,0.002278
80,2559.76,0.94726,1.0609,1.31994,0.84425,0.75406,0.82161,0.59001,1.04485,0.96427,1.38445,0.002179,0.002179,0.002179
81,2590.93,0.97047,1.07982,1.3426,0.86772,0.74753,0.82547,0.59072,1.03647,0.9614,1.3644,0.00208,0.00208,0.00208
82,2622.48,0.95278,1.06312,1.32965,0.85151,0.74417,0.828,0.59149,1.03353,0.94405,1.37313,0.001981,0.001981,0.001981
83,2653.22,0.94272,1.05507,1.3241,0.83345,0.7623,0.83196,0.60284,1.01985,0.91739,1.36237,0.001882,0.001882,0.001882
84,2684.23,0.95638,1.05176,1.33319,0.8346,0.76459,0.82783,0.59339,1.03595,0.94557,1.36202,0.001783,0.001783,0.001783
85,2715.64,0.92751,1.02699,1.31093,0.85541,0.75201,0.8343,0.60198,1.0159,0.92364,1.35338,0.001684,0.001684,0.001684
86,2745.84,0.92865,1.02629,1.31029,0.8725,0.7619,0.83797,0.6033,1.01813,0.91364,1.35396,0.001585,0.001585,0.001585
87,2777.66,0.92994,1.03101,1.31665,0.84529,0.77242,0.83448,0.6046,1.01516,0.91942,1.35115,0.001486,0.001486,0.001486
88,2808.72,0.91928,1.01226,1.30637,0.84545,0.7537,0.83314,0.59609,1.01801,0.90889,1.34957,0.001387,0.001387,0.001387
89,2839.81,0.9194,1.00391,1.30021,0.86428,0.75861,0.8353,0.60613,1.00825,0.89185,1.35377,0.001288,0.001288,0.001288
90,2871.49,0.92555,1.0142,1.30746,0.8303,0.78255,0.83694,0.60614,1.00468,0.9057,1.33821,0.001189,0.001189,0.001189
91,2904.49,0.92207,0.93996,1.36448,0.85928,0.75147,0.83442,0.60672,1.01003,0.92205,1.33432,0.00109,0.00109,0.00109
92,2934.04,0.89854,0.86445,1.33611,0.86788,0.76757,0.83816,0.6113,0.99828,0.89475,1.33068,0.000991,0.000991,0.000991
93,2962.92,0.88919,0.85159,1.3338,0.85575,0.77337,0.83733,0.6156,0.99671,0.87926,1.32731,0.000892,0.000892,0.000892
94,2991.68,0.88602,0.82237,1.32441,0.86209,0.76617,0.83768,0.61678,0.99736,0.88215,1.32524,0.000793,0.000793,0.000793
95,3020.53,0.87376,0.82282,1.32545,0.85322,0.77809,0.84413,0.61731,0.97753,0.87127,1.31221,0.000694,0.000694,0.000694
96,3049.61,0.846,0.80432,1.29834,0.8789,0.76327,0.84637,0.62121,0.98017,0.867,1.31512,0.000595,0.000595,0.000595
97,3079.13,0.84558,0.7903,1.28976,0.84736,0.78656,0.84794,0.62002,0.9838,0.86594,1.31972,0.000496,0.000496,0.000496
98,3107.56,0.84176,0.78717,1.29027,0.87647,0.76855,0.84984,0.62857,0.97179,0.85719,1.3064,0.000397,0.000397,0.000397
99,3136.66,0.84496,0.78456,1.29914,0.86978,0.76755,0.85019,0.6304,0.97351,0.85132,1.30319,0.000298,0.000298,0.000298
100,3166.08,0.84598,0.78679,1.29936,0.87971,0.76832,0.85299,0.63056,0.97152,0.84631,1.30515,0.000199,0.000199,0.000199
